{
  "name":"SpotifyArduino",
  "description":"A library to wrap the Spotify API (supports ESP8266/ESP32 & probably others)",
  "keywords":"Spotify,Music,Arduino",
  "authors":
  {
    "name": "Brian Lough <brian.d.lough@gmail.com>",
    "maintainer": true
  },
  "repository":
  {
    "type": "git",
    "url": "https://github.com/witnessmenow/spotify-api-arduino"
  },
  "version": "0.1.0",
  "license": "MIT",
  "frameworks": "arduino",
  "platforms": "*",
  "dependencies": [
    {
      "name": "bblanchon/ArduinoJson"
    }
  ],
  "build": {
  }
}
